Image,chin_x1,chin_y1,chin_x2,chin_y2,chin_x3,chin_y3,chin_x4,chin_y4,chin_x5,chin_y5,chin_x6,chin_y6,chin_x7,chin_y7,chin_x8,chin_y8,chin_x9,chin_y9,chin_x10,chin_y10,chin_x11,chin_y11,chin_x12,chin_y12,chin_x13,chin_y13,chin_x14,chin_y14,chin_x15,chin_y15,chin_x16,chin_y16,chin_x17,chin_y17,left_eyebrow_x1,left_eyebrow_y1,left_eyebrow_x2,left_eyebrow_y2,left_eyebrow_x3,left_eyebrow_y3,left_eyebrow_x4,left_eyebrow_y4,left_eyebrow_x5,left_eyebrow_y5,right_eyebrow_x1,right_eyebrow_y1,right_eyebrow_x2,right_eyebrow_y2,right_eyebrow_x3,right_eyebrow_y3,right_eyebrow_x4,right_eyebrow_y4,right_eyebrow_x5,right_eyebrow_y5,nose_bridge_x1,nose_bridge_y1,nose_bridge_x2,nose_bridge_y2,nose_bridge_x3,nose_bridge_y3,nose_bridge_x4,nose_bridge_y4,nose_tip_x1,nose_tip_y1,nose_tip_x2,nose_tip_y2,nose_tip_x3,nose_tip_y3,nose_tip_x4,nose_tip_y4,nose_tip_x5,nose_tip_y5,left_eye_x1,left_eye_y1,left_eye_x2,left_eye_y2,left_eye_x3,left_eye_y3,left_eye_x4,left_eye_y4,left_eye_x5,left_eye_y5,left_eye_x6,left_eye_y6,right_eye_x1,right_eye_y1,right_eye_x2,right_eye_y2,right_eye_x3,right_eye_y3,right_eye_x4,right_eye_y4,right_eye_x5,right_eye_y5,right_eye_x6,right_eye_y6,top_lip_x1,top_lip_y1,top_lip_x2,top_lip_y2,top_lip_x3,top_lip_y3,top_lip_x4,top_lip_y4,top_lip_x5,top_lip_y5,top_lip_x6,top_lip_y6,top_lip_x7,top_lip_y7,top_lip_x8,top_lip_y8,top_lip_x9,top_lip_y9,top_lip_x10,top_lip_y10,top_lip_x11,top_lip_y11,top_lip_x12,top_lip_y12,bottom_lip_x1,bottom_lip_y1,bottom_lip_x2,bottom_lip_y2,bottom_lip_x3,bottom_lip_y3,bottom_lip_x4,bottom_lip_y4,bottom_lip_x5,bottom_lip_y5,bottom_lip_x6,bottom_lip_y6,bottom_lip_x7,bottom_lip_y7,bottom_lip_x8,bottom_lip_y8,bottom_lip_x9,bottom_lip_y9,bottom_lip_x10,bottom_lip_y10,bottom_lip_x11,bottom_lip_y11,bottom_lip_x12,bottom_lip_y12
female_face_35.jpg,299,583,306,677,322,762,342,846,375,927,425,999,490,1058,563,1108,635,1121,708,1108,783,1064,853,1008,908,936,942,852,964,763,986,672,998,576,327,543,381,517,447,521,511,537,574,561,699,561,764,532,829,514,897,512,952,538,637,619,636,682,635,746,634,810,580,839,606,852,634,861,664,853,693,843,405,609,448,587,503,589,546,626,498,634,445,633,732,625,777,589,830,588,873,608,835,631,783,633,526,946,568,924,608,909,636,920,667,912,708,929,754,951,731,952,667,948,636,949,607,947,550,948,754,951,710,989,668,1005,635,1007,602,1004,564,987,526,946,550,948,606,948,635,950,667,949,731,952
female_face_19.jpg,172,366,172,425,183,482,196,539,215,592,246,640,284,681,328,712,380,722,433,714,477,684,516,647,548,601,565,551,578,497,589,442,592,387,201,337,231,312,270,309,307,318,340,337,435,340,472,326,508,317,546,324,570,351,388,388,388,426,389,462,389,499,344,523,365,528,385,534,405,530,424,527,247,386,269,374,297,376,320,394,294,399,267,399,446,398,471,381,500,380,522,395,502,406,474,405,300,598,329,576,358,563,381,572,406,564,435,578,463,601,449,601,406,596,381,598,357,595,314,599,463,601,436,626,407,638,381,641,355,638,325,624,300,598,314,599,357,595,381,599,405,595,449,601
female_face_69.jpg,167,330,170,381,179,431,190,479,211,523,242,562,278,599,318,628,358,635,396,627,435,595,470,557,500,515,519,468,531,421,541,371,545,321,188,299,222,286,260,290,296,301,330,317,392,316,426,301,461,290,498,286,529,298,362,352,362,390,363,428,364,466,331,480,347,485,362,491,378,486,393,480,229,342,255,332,283,335,306,356,279,358,251,356,414,356,438,336,465,334,489,343,469,357,442,359,294,528,322,522,346,515,362,521,379,516,400,523,427,529,415,532,379,535,362,536,345,534,305,532,427,529,400,553,378,565,360,567,342,566,319,555,294,528,305,532,344,534,360,536,378,534,415,532
female_face_83.jpg,94,750,107,849,126,947,145,1044,175,1133,224,1208,289,1274,366,1323,453,1338,539,1321,624,1273,694,1208,748,1131,779,1038,796,938,815,839,826,736,133,667,181,621,252,614,323,629,391,661,498,660,568,625,640,608,716,618,765,670,446,747,445,814,444,880,443,946,388,994,418,1005,449,1015,481,1006,513,996,209,762,250,744,300,745,346,772,299,787,248,787,555,771,599,743,649,741,692,760,654,784,603,785,329,1130,372,1093,414,1073,449,1084,486,1075,529,1095,578,1130,552,1127,486,1117,449,1119,413,1115,353,1125,578,1130,532,1165,488,1179,448,1181,409,1177,369,1160,329,1130,353,1125,412,1117,448,1123,486,1120,552,1127
female_face_34.jpg,123,227,125,258,130,288,139,318,152,345,169,368,191,389,214,405,241,410,266,404,288,388,308,368,325,344,337,317,344,287,348,257,347,226,142,190,158,178,178,174,198,181,221,186,260,187,280,180,300,176,320,178,336,189,242,210,242,230,243,252,244,273,223,290,233,294,244,297,255,294,265,290,165,212,178,204,194,204,208,216,192,218,177,218,275,215,288,203,304,203,317,211,305,217,290,217,209,333,219,321,234,316,245,320,257,317,273,322,286,333,279,332,257,331,245,332,233,331,216,332,286,333,273,347,258,355,245,357,233,355,219,346,209,333,216,332,234,335,245,336,257,335,279,332
female_face_97.jpg,608,422,609,438,611,453,615,469,620,484,630,497,644,507,657,515,672,517,686,515,700,507,712,498,722,486,728,472,732,456,736,441,737,424,619,398,628,392,640,392,651,394,662,398,679,396,691,393,703,392,715,393,725,399,670,410,670,420,669,430,669,440,661,452,665,453,669,453,674,453,679,451,629,414,636,407,646,407,654,415,645,418,635,419,688,415,697,408,706,408,713,415,707,419,697,419,656,480,661,470,667,465,671,466,676,465,681,470,687,481,683,479,676,473,671,473,666,473,660,479,687,481,682,484,676,486,671,487,667,486,662,484,656,480,660,479,667,478,672,479,676,478,683,479
female_face_82.jpg,108,320,116,372,128,422,142,471,162,516,190,558,224,594,264,620,305,629,347,619,387,591,419,554,444,512,463,467,477,420,489,370,495,320,136,286,164,267,200,265,235,273,269,290,344,288,375,274,407,266,441,265,466,283,303,330,303,364,302,398,301,431,270,455,286,459,302,463,319,459,335,455,178,326,200,311,228,315,250,338,224,342,195,341,356,338,379,315,407,311,429,325,411,340,382,342,237,519,261,506,283,497,301,503,318,498,342,509,366,522,353,523,319,519,301,520,282,518,251,521,366,522,344,545,321,552,302,554,281,552,259,541,237,519,251,521,283,519,301,522,319,520,353,523
female_face_73.jpg,209,221,211,241,216,259,220,277,228,293,238,306,250,318,263,327,278,331,292,328,306,318,318,306,327,292,335,277,340,260,344,242,347,222,217,208,228,202,241,202,254,205,266,211,289,211,300,204,313,201,326,201,336,207,278,225,278,238,278,251,279,264,266,271,272,273,278,275,284,273,290,271,229,226,237,223,246,223,255,227,246,229,236,229,299,228,307,223,317,223,325,225,317,229,308,230,255,294,265,293,273,291,278,292,283,291,291,293,301,294,296,295,283,296,278,297,273,296,260,295,301,294,292,302,284,305,278,306,273,305,264,302,255,294,260,295,273,296,278,297,284,296,296,295
female_face_24.jpg,159,484,157,534,162,584,173,635,190,682,213,727,246,766,285,794,332,799,380,784,417,748,449,706,472,658,486,610,493,559,496,508,491,456,170,461,192,442,222,442,251,452,279,465,334,462,364,444,396,431,429,427,457,442,305,498,305,540,305,580,305,622,266,627,286,639,311,646,335,637,355,623,199,502,218,494,240,493,262,501,240,507,217,509,356,496,378,486,401,483,423,486,404,498,379,500,239,685,263,673,287,668,308,673,329,666,357,670,383,683,370,685,330,686,309,689,288,688,252,687,383,683,358,714,332,735,308,739,286,736,261,719,239,685,252,687,287,704,308,709,330,703,370,685
female_face_55.jpg,284,184,290,214,298,243,307,271,319,298,336,322,355,342,377,357,401,361,425,357,449,341,468,319,484,293,494,265,502,235,508,206,510,175,304,173,319,164,337,164,355,169,373,176,413,175,430,165,448,159,467,159,484,166,394,196,395,214,396,233,396,251,380,266,389,269,397,271,406,269,414,266,323,198,335,190,350,191,362,202,348,205,334,204,426,199,437,188,453,186,466,192,454,200,440,201,358,296,374,290,388,286,399,288,409,285,424,288,441,294,433,296,409,298,399,299,388,298,365,298,441,294,425,308,410,316,399,318,387,317,373,309,358,296,365,298,388,301,399,301,409,300,433,296
female_face_13.jpg,735,344,741,390,750,435,760,479,777,521,803,558,835,591,870,618,911,627,950,619,983,592,1014,562,1041,527,1060,486,1069,439,1077,392,1083,345,766,327,788,310,817,307,847,315,876,327,940,326,970,315,1000,309,1030,312,1052,329,909,356,909,382,909,406,909,432,880,461,894,465,909,468,924,464,938,459,804,356,824,347,846,347,867,361,845,364,822,364,949,361,971,348,993,348,1013,356,995,365,971,365,852,519,873,505,894,496,909,501,924,496,948,505,972,517,961,517,924,516,909,517,894,517,863,519,972,517,951,533,928,541,912,543,896,541,874,533,852,519,863,519,896,519,911,522,926,520,961,517
female_face_61.jpg,15,346,16,355,17,363,18,372,21,379,25,386,32,391,39,395,47,397,54,395,61,391,68,386,73,380,75,372,77,364,78,356,79,347,19,339,23,336,30,335,36,337,42,340,53,339,58,337,64,335,71,336,76,339,47,348,47,353,47,358,47,363,42,367,44,368,47,369,49,368,52,368,25,348,29,345,34,346,38,350,34,351,29,350,56,350,60,346,65,346,69,348,66,351,61,351,37,379,41,376,45,374,47,374,49,374,52,376,57,379,55,379,49,378,47,378,45,378,39,379,57,379,53,382,49,384,47,384,45,384,41,382,37,379,39,379,45,379,47,379,49,379,55,379
female_face_58.jpg,140,812,154,937,181,1058,204,1175,238,1287,301,1378,387,1440,486,1485,587,1499,685,1483,783,1432,866,1362,922,1265,949,1152,967,1037,991,923,1004,802,212,741,271,691,354,669,441,674,520,702,637,703,716,672,802,665,884,687,939,736,578,789,579,866,579,942,580,1020,504,1072,540,1085,578,1095,616,1084,651,1069,314,807,365,793,417,792,465,812,415,821,362,823,695,812,748,795,797,793,842,807,798,822,747,820,434,1224,492,1202,544,1184,578,1192,613,1181,663,1198,720,1217,696,1218,615,1215,579,1219,544,1217,458,1224,720,1217,667,1252,618,1260,580,1265,544,1263,493,1255,434,1224,458,1224,545,1222,580,1225,616,1220,696,1218
female_face_92.jpg,190,463,211,504,231,544,254,583,283,619,322,646,369,662,419,670,468,658,510,634,542,597,568,553,584,504,583,453,571,401,557,353,538,307,191,401,205,372,230,355,261,345,295,340,356,317,380,291,410,269,447,258,483,266,344,356,358,382,371,409,385,436,367,485,386,479,404,473,416,461,427,450,239,414,252,392,276,380,304,388,284,402,260,413,398,346,413,320,437,309,461,314,446,330,422,340,343,574,367,545,393,522,413,517,426,504,454,505,487,513,473,518,433,527,419,536,399,544,357,569,487,513,470,539,451,560,435,571,415,579,383,585,343,574,357,569,405,552,424,544,439,534,473,518
female_face_5.jpg,179,427,185,483,195,537,208,589,229,637,261,677,300,710,343,733,388,741,432,733,472,708,509,673,540,633,561,585,574,534,586,481,593,428,224,384,256,367,293,370,329,383,361,401,428,405,459,388,493,378,528,373,557,386,394,445,396,481,397,516,398,551,362,577,379,582,397,587,414,582,431,576,261,439,283,427,313,429,340,452,311,457,281,456,446,454,471,431,501,431,524,444,503,459,474,460,324,637,355,629,381,622,396,626,412,622,436,628,461,636,450,637,412,637,396,639,380,637,338,638,461,636,436,653,411,662,395,664,378,663,352,654,324,637,338,638,380,639,395,640,411,638,450,637
female_face_60.jpg,110,111,112,194,125,277,144,354,168,427,211,494,260,547,324,575,392,579,457,566,510,524,554,473,593,414,618,350,635,281,654,212,665,138,161,69,209,43,264,35,320,44,373,61,480,61,525,41,571,32,618,41,646,75,421,134,421,194,421,254,421,313,354,336,381,343,409,351,434,345,456,337,218,132,253,110,296,112,327,144,290,152,247,150,482,150,516,118,557,115,583,138,560,158,519,159,290,446,328,421,371,405,397,412,423,404,453,414,484,429,467,431,422,434,395,438,369,438,309,444,484,429,452,455,422,474,393,482,365,482,326,473,290,446,309,444,369,435,396,436,423,429,467,431
female_face_88.jpg,99,178,102,216,110,255,119,292,130,327,148,360,172,388,199,413,230,420,265,417,302,400,335,377,364,349,385,315,398,275,407,233,413,190,104,148,124,134,151,136,177,144,200,158,256,159,287,145,319,138,353,140,382,156,227,193,223,219,220,245,216,271,193,290,206,295,219,299,235,296,251,294,131,187,149,180,171,181,189,197,168,200,146,199,278,200,298,185,320,186,341,194,322,204,299,204,178,340,194,332,211,326,222,331,235,328,257,336,281,346,272,345,235,343,222,344,210,341,187,341,281,346,258,364,237,371,222,371,209,368,193,359,178,340,187,341,210,344,222,347,236,346,272,345
female_face_21.jpg,533,165,515,222,509,281,517,343,526,405,540,467,557,533,578,588,624,616,695,627,780,611,861,582,933,538,987,480,1029,408,1063,325,1088,242,517,76,542,61,574,72,605,91,634,122,722,132,789,120,854,117,916,138,965,178,669,192,651,243,632,294,612,346,591,363,602,383,620,396,649,394,678,392,544,164,570,150,606,160,632,192,596,192,560,186,765,221,803,200,845,207,880,233,843,243,800,237,561,442,579,432,602,430,619,443,645,442,693,464,746,484,725,484,644,470,618,464,598,457,574,450,746,484,685,505,637,509,608,504,587,494,570,474,561,442,574,450,594,457,612,465,639,470,725,484
female_face_11.jpg,336,609,343,694,361,775,383,854,413,931,459,1000,515,1063,579,1115,652,1132,728,1115,810,1069,884,1012,944,945,978,863,998,774,1016,683,1025,589,344,550,392,521,454,527,512,544,570,569,681,568,749,540,816,517,889,511,955,533,626,620,625,674,623,730,621,788,578,826,601,836,627,845,657,836,686,828,415,615,454,593,504,595,543,629,498,639,449,638,738,626,778,592,830,589,874,609,838,632,787,635,532,939,565,908,604,888,629,897,658,888,712,909,764,939,739,941,662,934,631,936,605,934,553,941,764,939,716,981,664,1003,631,1006,601,1002,564,984,532,939,553,941,603,940,630,943,660,941,739,941
female_face_85.jpg,810,357,823,388,841,417,865,445,889,471,913,497,934,521,960,541,993,539,1029,524,1067,491,1099,454,1122,411,1132,362,1127,312,1116,262,1103,215,784,311,790,294,807,287,828,285,850,288,896,266,923,240,956,219,993,210,1030,219,887,311,894,342,898,373,903,403,901,421,913,425,926,424,938,414,949,405,821,339,829,325,848,318,869,326,852,337,834,343,944,297,955,276,978,266,1001,268,988,285,966,294,913,472,912,459,923,449,936,450,947,442,976,440,1009,438,999,442,954,458,941,463,929,464,920,470,1009,438,990,469,969,485,954,491,941,493,926,487,913,472,920,470,932,468,945,467,957,462,999,442
female_face_67.jpg,118,346,126,402,139,458,155,509,177,559,206,605,242,646,286,676,331,686,375,677,419,647,454,604,483,558,503,509,519,458,531,404,538,351,150,307,181,288,220,288,257,298,293,316,373,316,407,300,441,290,477,287,506,304,331,360,330,397,329,434,328,470,295,496,312,501,330,506,348,501,365,495,193,356,217,340,248,343,272,369,244,374,213,372,390,369,413,342,444,337,468,352,450,369,419,372,259,565,285,551,310,541,328,548,347,542,373,554,399,568,385,570,347,565,328,566,310,564,273,567,399,568,375,594,350,603,329,606,308,603,284,591,259,565,273,567,310,565,329,568,348,566,385,570
female_face_98.jpg,208,229,212,262,218,294,226,328,238,361,260,392,280,420,306,445,339,452,373,445,403,423,426,396,447,367,459,333,464,298,467,261,470,224,215,211,233,197,257,195,280,202,303,213,352,215,377,203,402,196,428,198,446,214,326,240,326,265,328,289,328,312,303,321,315,327,328,331,341,327,354,323,243,237,255,232,272,235,288,245,270,245,254,244,365,247,379,237,398,237,415,243,400,249,381,249,283,362,301,352,319,348,330,351,342,350,364,357,387,366,379,367,342,365,330,364,319,363,292,364,387,366,366,389,345,400,332,400,319,397,300,384,283,362,292,364,319,377,331,380,344,381,379,367
female_face_65.jpg,395,163,397,194,400,225,404,256,414,285,432,310,452,333,476,355,502,360,529,357,554,339,577,317,597,292,609,264,615,232,620,200,623,169,410,152,428,143,449,145,470,151,490,160,527,159,548,150,568,145,589,144,608,151,507,183,506,204,505,226,504,248,487,256,495,260,504,264,514,260,523,256,435,181,449,174,466,176,479,187,463,191,446,190,538,187,551,176,568,176,582,182,570,191,553,192,463,286,479,279,494,275,505,278,516,276,531,280,547,288,538,289,516,290,504,291,493,290,472,288,547,288,532,306,516,314,503,315,491,314,477,306,463,286,472,288,493,292,504,294,516,292,538,289
female_face_64.jpg,882,254,885,285,891,316,898,346,911,373,930,397,953,418,977,436,1002,442,1025,436,1042,418,1057,396,1073,371,1083,346,1090,319,1095,292,1098,265,918,245,937,241,956,243,974,248,990,256,1033,257,1047,249,1061,245,1076,243,1088,248,1013,276,1015,295,1016,313,1018,331,993,344,1003,348,1014,351,1023,348,1030,344,937,272,952,265,968,265,980,277,966,281,950,280,1033,278,1045,266,1060,266,1070,273,1061,282,1046,281,967,379,986,374,1002,370,1011,373,1020,370,1032,373,1042,378,1036,379,1020,380,1011,381,1002,380,975,380,1042,378,1032,393,1020,399,1010,401,1000,400,984,394,967,379,975,380,1001,382,1010,383,1020,382,1036,379
female_face_57.jpg,454,284,458,357,469,430,480,501,498,570,532,632,579,686,638,729,710,744,781,728,841,689,890,636,926,572,947,501,959,427,971,354,975,279,469,222,507,189,560,187,608,202,654,224,760,220,807,198,856,184,909,187,951,217,708,295,708,345,708,395,708,446,656,477,680,483,706,492,734,484,760,478,526,301,558,282,598,287,628,317,592,323,553,321,791,314,822,286,861,280,891,299,867,317,829,320,597,565,635,540,677,524,706,535,736,525,779,542,821,567,800,572,737,573,706,575,676,572,617,570,821,567,781,612,737,632,704,636,671,632,630,613,597,565,617,570,674,574,704,579,735,574,800,572
female_face_37.jpg,123,133,125,148,128,163,133,176,139,189,147,199,156,208,166,214,177,215,188,214,198,207,207,198,216,188,221,175,224,161,226,147,228,131,130,124,138,118,147,117,157,119,167,122,182,123,192,118,202,116,213,117,220,123,174,135,175,143,175,151,175,159,167,170,172,171,176,171,180,170,184,169,140,135,147,131,155,131,161,138,154,140,146,140,190,137,197,131,205,130,211,134,206,139,198,140,162,195,167,191,173,188,176,189,180,187,185,189,190,193,187,192,180,192,176,192,173,192,165,194,190,193,186,194,181,196,177,197,173,197,168,196,162,195,165,194,173,190,177,191,180,190,187,192
female_face_29.jpg,445,142,433,190,429,239,434,291,440,345,451,396,463,447,478,491,514,514,572,525,645,513,714,488,776,453,822,404,856,344,884,275,907,205,433,55,457,48,481,61,506,78,528,103,607,111,660,101,711,99,760,115,802,142,556,160,542,203,526,246,509,289,491,301,501,318,517,329,541,327,565,324,452,134,473,123,502,131,525,158,494,158,465,153,638,184,670,166,704,172,733,194,703,202,668,197,468,368,483,358,502,358,516,368,539,368,577,386,621,403,603,403,538,391,515,387,498,381,479,374,621,403,570,419,531,424,506,420,488,412,475,395,468,368,479,374,494,380,510,387,533,391,603,403
female_face_80.jpg,94,289,76,318,66,351,69,389,73,428,76,475,77,519,83,561,107,582,154,585,216,576,278,559,333,534,372,493,392,442,403,383,415,327,87,214,93,211,101,213,109,222,115,233,151,241,184,231,222,232,256,249,286,273,123,284,105,308,86,330,66,353,65,381,72,392,84,400,101,400,121,399,89,280,97,277,110,279,121,289,107,291,94,289,175,310,194,305,214,310,239,316,212,321,191,319,67,448,64,433,71,426,81,432,94,432,129,447,174,467,161,466,96,451,83,448,73,445,72,451,174,467,132,493,100,497,86,496,75,490,68,473,67,448,72,451,77,464,86,468,99,473,161,466
female_face_31.jpg,61,483,62,498,65,512,68,527,74,540,83,552,94,562,104,570,116,573,129,570,139,562,149,552,158,541,164,527,168,513,170,498,170,483,71,477,79,473,88,474,97,476,106,480,127,480,135,476,144,474,153,473,161,477,116,492,116,502,117,511,117,520,108,526,112,528,117,529,121,528,126,526,80,491,87,488,95,489,102,495,94,497,86,496,130,495,137,489,145,488,151,492,146,496,138,497,100,542,106,538,112,536,117,538,121,536,127,538,133,542,130,542,121,541,117,541,112,541,103,542,133,542,127,548,122,551,117,552,112,552,106,548,100,542,103,542,112,546,117,546,121,545,130,542
female_face_40.jpg,59,176,62,207,67,238,76,267,93,290,117,307,144,319,173,325,202,327,225,320,240,306,252,288,261,268,267,246,272,224,273,202,271,182,99,136,116,124,138,118,159,121,179,132,228,136,241,129,256,127,268,131,275,144,205,163,209,176,212,190,216,204,187,226,198,227,210,229,219,228,227,225,124,166,139,159,154,159,169,168,154,172,137,172,222,173,237,166,251,166,260,175,250,179,236,177,165,266,183,251,201,243,211,246,220,243,230,251,237,268,231,267,219,260,210,260,199,259,173,266,237,268,230,275,219,279,209,281,198,280,181,275,165,266,173,266,200,261,210,262,219,261,231,267
female_face_47.jpg,544,372,545,388,548,405,551,420,556,435,564,449,576,460,591,468,609,471,626,468,640,460,651,448,659,434,664,420,666,405,668,389,669,373,555,359,564,353,575,352,586,354,596,359,619,359,630,355,640,353,651,354,660,359,608,372,608,382,608,393,609,404,596,412,602,413,609,415,615,413,621,411,567,374,575,370,583,370,591,376,583,377,574,377,625,376,633,371,641,370,649,375,642,378,634,378,583,432,593,427,602,425,609,427,616,425,624,427,633,432,629,432,616,432,609,433,602,432,587,433,633,432,625,440,616,443,609,444,602,444,592,440,583,432,587,433,602,433,609,434,616,433,629,432
female_face_48.jpg,168,88,170,104,172,121,176,137,182,152,192,164,205,174,218,182,232,184,246,182,260,173,272,163,282,151,287,136,291,120,295,103,297,85,173,73,181,65,192,64,203,66,213,71,240,71,251,66,263,63,275,65,285,72,227,88,227,100,227,112,227,124,217,131,222,133,227,135,233,133,239,130,185,88,193,83,202,84,211,91,201,93,192,92,246,91,254,84,264,83,272,88,265,92,255,92,202,148,213,145,222,143,228,144,235,142,245,144,256,146,251,148,235,150,229,150,222,150,206,150,256,146,246,156,236,161,229,162,222,161,212,157,202,148,206,150,222,150,229,151,235,150,251,148
female_face_2.jpg,245,265,252,305,264,343,274,381,287,418,309,450,339,477,372,498,409,504,443,497,473,475,501,446,521,413,532,376,542,339,552,302,557,263,276,243,298,225,327,220,356,228,384,240,439,238,465,226,492,219,520,223,539,241,411,270,412,297,412,323,413,350,384,366,397,371,411,377,424,372,436,367,309,273,327,260,350,261,367,277,347,282,325,282,450,277,467,261,489,260,506,273,491,282,470,282,353,414,376,404,397,398,410,403,425,399,442,404,463,415,453,415,425,412,410,414,395,412,364,415,463,415,443,425,425,433,409,435,394,433,375,426,353,414,364,415,395,412,410,414,425,412,453,415
female_face_81.jpg,463,690,471,769,485,848,497,930,521,1007,565,1073,621,1128,689,1174,760,1190,829,1175,896,1131,951,1082,997,1023,1028,951,1044,872,1058,795,1069,712,503,626,542,596,591,586,641,601,688,630,837,624,884,593,938,578,991,593,1028,629,760,685,758,733,757,777,754,822,710,867,730,873,752,879,775,875,798,870,553,693,588,664,637,665,679,704,633,715,585,714,844,705,882,665,933,665,969,696,936,716,887,716,637,987,680,943,726,918,753,920,779,917,825,939,871,990,853,988,779,948,753,948,726,949,656,986,871,990,831,1050,785,1074,755,1077,724,1074,677,1050,637,987,656,986,727,1035,755,1038,784,1033,853,988
female_face_15.jpg,224,234,224,263,228,292,234,321,247,348,267,371,291,389,315,407,341,413,367,407,391,392,413,372,432,348,445,320,453,290,459,258,460,225,236,204,251,195,270,195,288,199,306,206,360,206,380,196,402,192,424,192,442,204,334,230,334,250,334,269,335,289,316,306,326,309,337,311,347,308,357,305,257,230,270,222,287,223,300,235,285,238,269,237,372,233,386,220,404,219,418,227,405,234,388,235,299,343,313,332,327,325,337,327,347,324,362,331,377,341,369,341,348,338,337,339,327,339,307,343,377,341,363,351,349,357,338,359,327,358,314,353,299,343,307,343,328,340,338,341,348,340,369,341
female_face_53.jpg,129,190,131,216,136,243,140,269,149,294,164,315,184,334,207,349,231,353,255,348,278,332,297,314,312,292,321,269,325,243,329,217,332,191,144,175,159,166,178,165,196,169,213,177,250,177,267,169,285,165,304,167,318,176,232,195,232,213,232,231,232,249,214,259,223,263,232,266,240,263,248,260,166,197,177,190,192,191,203,200,190,203,176,203,260,201,271,191,286,191,297,198,287,203,273,203,195,291,210,286,223,282,232,284,242,281,254,286,269,291,261,293,242,293,232,294,223,293,202,293,269,291,255,304,242,309,232,310,222,310,209,304,195,291,202,293,223,293,232,294,242,293,261,293
female_face_4.jpg,601,798,608,880,627,958,647,1039,674,1120,719,1191,780,1252,849,1298,929,1314,1008,1301,1080,1260,1139,1200,1187,1132,1217,1056,1238,973,1255,889,1262,804,642,724,691,691,751,686,811,695,872,716,988,713,1045,687,1104,673,1167,675,1221,707,928,789,927,849,926,909,924,968,873,1008,898,1017,927,1025,956,1017,981,1008,707,800,744,775,793,774,836,807,790,822,741,824,1025,803,1067,769,1118,766,1158,791,1122,815,1073,815,816,1121,853,1087,896,1069,928,1079,959,1069,1005,1087,1048,1122,1027,1121,960,1116,929,1120,895,1115,836,1120,1048,1122,1009,1164,964,1185,930,1188,893,1183,853,1158,816,1121,836,1120,895,1118,929,1125,961,1120,1027,1121
female_face_26.jpg,58,110,60,126,64,142,67,158,72,173,80,186,91,198,104,209,118,212,134,209,149,200,163,189,173,175,180,159,183,142,187,125,188,107,61,100,71,94,82,95,94,98,105,103,125,103,137,98,150,94,163,93,175,97,115,114,115,125,115,136,114,147,107,155,111,156,115,158,120,156,125,155,76,113,83,109,92,109,100,116,91,118,82,118,136,115,143,109,152,108,161,112,154,117,144,117,97,177,103,171,110,167,115,168,120,167,129,170,138,177,133,177,121,175,116,175,111,175,101,178,138,177,130,184,122,187,116,187,110,187,103,184,97,177,101,178,110,176,116,176,121,175,133,177
female_face_38.jpg,490,532,503,611,525,686,546,762,573,837,620,901,679,955,745,998,816,1010,883,997,943,955,998,901,1039,835,1062,763,1083,686,1104,610,1114,532,548,490,588,454,646,439,704,452,763,475,882,473,935,450,989,437,1043,448,1081,486,822,540,823,594,825,646,827,700,771,734,796,743,823,754,849,744,874,736,617,545,654,519,700,521,734,553,693,564,648,564,901,554,936,521,981,518,1016,546,985,565,942,565,707,828,753,809,793,797,821,805,849,798,885,809,927,832,907,833,849,826,820,828,791,825,728,829,927,832,885,853,849,867,819,872,789,868,750,852,707,828,728,829,791,825,820,831,849,826,907,833
female_face_51.jpg,312,614,319,701,335,788,350,874,376,956,426,1026,491,1089,566,1141,645,1157,726,1144,807,1098,877,1039,934,968,966,882,987,790,1010,697,1022,599,340,534,386,493,449,484,512,497,573,527,693,527,759,494,829,474,903,484,959,526,627,615,625,674,623,732,620,792,574,831,598,844,624,855,652,846,680,836,409,619,446,589,501,590,540,633,494,647,441,645,738,631,778,588,835,584,879,613,842,641,786,643,515,944,555,914,595,898,626,906,659,899,712,919,768,948,743,951,661,941,628,940,597,937,539,946,768,948,716,1005,663,1026,628,1028,592,1022,553,998,515,944,539,946,594,966,627,970,660,969,743,951
female_face_54.jpg,218,111,214,127,213,142,216,157,220,173,224,190,231,207,241,222,256,228,279,229,304,222,328,213,349,200,362,181,370,157,375,134,378,110,213,87,218,80,227,79,237,83,247,88,270,87,287,78,305,74,323,78,337,89,257,104,252,114,247,124,242,134,240,149,244,151,249,153,256,151,264,151,224,107,230,102,240,102,248,109,238,111,230,111,285,109,294,102,305,101,315,106,306,111,295,111,234,182,236,173,242,168,249,170,255,168,268,175,284,182,277,182,256,177,249,177,243,177,237,181,284,182,268,187,256,190,249,191,242,190,236,188,234,182,237,181,242,177,248,178,255,177,277,182
female_face_30.jpg,73,105,77,147,85,186,94,224,107,257,129,287,159,306,193,315,231,318,268,316,302,307,331,285,353,255,370,222,380,184,386,145,390,104,105,82,127,69,154,70,179,76,204,87,259,85,285,73,311,65,339,64,362,76,233,121,233,146,234,170,234,193,209,210,221,215,233,219,246,215,256,210,133,122,151,111,175,110,194,125,173,133,150,133,269,125,288,109,311,107,330,118,314,130,290,131,189,259,204,244,222,236,234,240,248,236,265,245,279,258,270,258,248,255,234,256,221,255,197,258,279,258,267,274,250,283,235,284,221,283,202,275,189,259,197,258,221,258,235,260,249,257,270,258
female_face_96.jpg,896,399,897,410,899,420,902,430,906,440,911,449,917,459,926,466,936,468,946,466,954,459,961,450,967,441,971,431,975,421,977,411,978,400,900,394,906,390,914,389,921,391,929,394,947,394,954,391,961,389,969,389,975,393,938,402,938,409,938,416,938,423,931,428,934,429,937,430,941,429,944,428,906,401,911,398,919,399,925,404,918,406,910,405,951,404,957,399,964,398,969,401,965,406,958,406,923,443,928,438,934,436,937,437,941,436,945,439,949,444,946,444,941,442,937,442,933,442,926,443,949,444,945,448,941,450,937,451,932,450,928,448,923,443,926,443,933,444,937,444,940,444,946,444
female_face_39.jpg,26,158,27,180,30,202,35,224,41,247,52,267,66,285,82,298,102,303,125,299,146,287,167,271,183,251,193,228,199,203,202,177,204,152,33,133,44,125,58,124,71,128,85,134,109,135,123,128,138,125,155,126,170,133,95,152,94,167,93,182,92,197,80,214,87,216,94,217,102,215,111,214,47,154,56,146,68,146,78,156,66,160,55,159,119,157,128,146,141,147,151,155,142,160,129,160,67,249,77,241,89,236,96,237,105,235,121,240,138,245,131,247,105,246,96,247,89,247,72,250,138,245,123,259,107,265,98,267,90,266,78,262,67,249,72,250,90,252,98,252,106,251,131,247
female_face_78.jpg,8,191,15,269,30,345,49,418,82,487,126,548,174,605,226,650,289,660,352,645,406,599,457,544,503,482,534,416,550,344,562,271,565,196,28,138,67,103,122,100,177,112,229,136,350,136,402,110,454,95,509,97,549,127,289,207,288,263,287,319,285,375,229,404,257,413,285,424,314,414,342,407,89,200,124,185,168,186,205,216,164,222,121,222,373,216,411,187,453,184,488,201,458,222,416,223,178,501,219,480,258,465,283,474,312,467,352,484,392,504,372,507,312,500,283,502,256,498,199,504,392,504,352,544,312,557,282,558,253,556,215,540,178,501,199,504,255,505,282,508,311,507,372,507
female_face_79.jpg,54,72,55,79,56,86,58,93,61,100,66,106,71,112,77,116,84,117,90,115,97,111,102,105,106,98,109,91,111,84,112,76,112,68,58,66,62,63,67,63,71,64,76,67,87,66,91,64,96,62,101,63,105,65,82,73,82,78,82,82,82,87,79,90,81,91,83,91,85,90,87,90,63,73,66,71,71,71,74,75,70,76,66,75,90,74,92,71,97,70,100,72,97,75,93,75,71,97,75,95,80,95,83,95,86,95,91,95,96,97,94,97,86,96,83,97,80,96,72,97,96,97,91,104,87,108,83,108,80,108,75,104,71,97,72,97,80,105,83,105,86,105,94,97
female_face_18.jpg,132,98,120,122,114,148,116,180,116,211,115,242,113,282,113,319,133,335,174,338,229,331,285,317,332,295,363,263,382,219,393,173,403,128,100,47,104,39,114,40,125,45,135,55,172,52,205,44,241,45,277,59,304,83,149,91,134,114,117,136,99,158,100,173,107,184,118,191,134,190,151,191,107,88,114,75,130,78,143,94,127,95,112,94,204,104,221,88,243,90,264,105,244,111,222,109,103,234,98,217,106,211,114,218,127,216,156,232,187,253,174,251,128,238,115,235,107,232,109,235,187,253,156,264,130,268,116,267,107,262,100,249,103,234,109,235,107,236,116,239,129,242,174,251
female_face_68.jpg,443,542,457,670,479,799,518,923,600,1019,728,1081,861,1125,982,1149,1085,1154,1152,1128,1180,1061,1216,968,1239,910,1260,837,1278,751,1272,674,1252,603,719,441,794,385,886,356,980,377,1059,425,1165,449,1207,430,1247,421,1281,437,1294,472,1120,535,1141,592,1163,647,1189,703,1055,766,1097,784,1135,798,1168,789,1192,773,827,516,885,483,943,488,978,542,934,548,878,540,1143,568,1189,532,1235,533,1252,581,1232,595,1189,588,934,903,1024,864,1101,847,1132,863,1163,857,1189,886,1190,940,1175,934,1154,906,1125,902,1091,896,962,905,1190,940,1171,962,1145,977,1112,975,1074,967,1008,941,934,903,962,905,1088,913,1121,921,1151,925,1175,934
female_face_71.jpg,77,227,78,267,86,306,99,343,117,380,141,415,166,447,194,475,232,483,272,477,304,453,328,421,348,385,363,345,372,301,379,258,377,215,91,199,110,188,135,194,157,202,179,211,230,206,256,195,282,184,313,181,341,193,209,242,210,274,210,304,211,337,176,339,195,347,216,354,237,348,256,342,120,233,135,225,155,227,172,241,152,243,134,243,261,240,277,225,297,222,315,229,301,239,281,242,165,379,182,380,202,377,219,382,236,377,263,380,293,383,282,388,238,392,221,395,204,392,174,386,293,383,267,411,241,422,223,423,205,420,184,408,165,379,174,386,204,393,221,397,238,395,282,388
female_face_42.jpg,401,209,403,233,407,256,412,278,420,300,433,319,448,337,463,353,482,359,503,355,522,342,539,325,554,306,565,284,573,261,580,238,585,211,408,207,420,198,436,199,452,203,468,209,505,213,522,207,540,206,557,207,572,215,485,232,484,245,482,259,481,272,467,281,474,283,482,284,490,283,499,282,423,226,435,220,451,221,463,234,449,238,433,236,512,236,525,224,541,224,553,231,542,240,526,240,452,305,464,300,475,297,484,300,492,298,505,301,520,307,514,307,492,304,483,305,475,304,457,306,520,307,506,323,493,331,483,331,474,330,463,321,452,305,457,306,474,319,483,321,492,320,514,307
female_face_77.jpg,-16,499,-12,609,-2,718,5,827,31,927,94,1012,178,1082,273,1139,375,1160,478,1146,576,1092,657,1022,716,935,746,834,763,732,780,626,789,518,40,424,87,367,161,344,237,356,303,398,480,408,551,374,627,368,697,399,737,460,393,498,395,565,397,629,398,695,325,756,359,766,395,775,429,769,459,760,139,497,185,472,240,477,287,512,235,521,179,519,487,522,537,490,591,492,634,518,593,537,538,535,249,903,309,867,362,843,395,856,429,847,475,874,525,911,499,910,427,895,392,895,359,891,276,902,525,911,475,953,427,968,388,968,351,964,301,944,249,903,276,902,357,892,390,896,425,896,499,910
female_face_84.jpg,592,317,596,353,602,389,613,423,627,455,648,484,673,512,699,533,729,542,758,534,785,514,809,488,831,460,848,428,860,394,870,358,876,319,614,309,632,297,654,293,677,295,699,303,760,303,784,295,808,294,832,300,852,313,729,343,728,365,728,387,727,408,705,421,716,424,727,427,740,424,752,422,632,343,651,333,674,335,691,352,671,357,647,356,769,353,788,335,811,334,829,344,814,357,791,359,682,460,699,451,717,445,729,448,743,445,762,451,781,462,774,464,743,457,729,459,717,457,689,462,781,462,764,492,744,505,729,506,715,504,698,489,682,460,689,462,716,485,729,489,744,487,774,464
female_face_49.jpg,168,212,171,244,176,275,182,306,193,334,210,359,232,380,257,395,284,399,311,394,335,378,356,357,374,332,385,304,391,274,396,244,399,212,191,176,207,163,228,162,248,167,267,176,300,177,319,168,339,162,360,164,375,176,282,203,282,224,282,244,282,265,262,284,273,286,284,288,294,285,304,281,211,208,223,201,238,201,252,210,237,213,223,213,313,210,326,199,341,200,353,206,341,212,327,212,241,325,256,315,273,309,284,310,296,307,312,311,327,319,320,320,296,322,284,323,273,323,249,325,327,319,314,332,298,341,286,344,273,343,257,337,241,325,249,325,274,325,285,327,297,324,320,320
female_face_44.jpg,743,492,744,503,747,514,749,525,753,535,759,544,767,551,777,557,787,558,797,556,806,549,814,542,820,533,823,522,825,512,827,502,829,491,748,479,755,475,763,474,771,477,779,480,794,480,802,477,809,475,817,474,824,479,786,490,786,497,786,504,786,511,779,518,782,518,786,519,789,518,793,517,757,491,761,488,768,488,773,492,767,493,761,493,799,492,804,487,810,487,815,490,811,493,805,493,770,533,776,530,782,526,785,527,788,526,794,529,800,533,797,533,789,532,786,532,782,532,773,534,800,533,794,537,789,540,786,540,782,540,776,538,770,533,773,534,782,533,786,533,789,533,797,533
female_face_32.jpg,324,1233,337,1385,352,1533,372,1685,417,1827,511,1943,638,2026,785,2089,948,2111,1111,2095,1253,2034,1375,1947,1462,1829,1506,1682,1524,1533,1541,1388,1549,1238,459,1098,546,1034,659,1010,775,1014,882,1051,1063,1056,1167,1021,1279,1017,1383,1045,1458,1112,970,1155,970,1245,972,1338,973,1435,862,1531,915,1546,973,1558,1033,1547,1086,1532,584,1187,655,1137,740,1137,811,1200,734,1218,648,1219,1126,1195,1194,1132,1278,1132,1343,1184,1284,1214,1202,1212,715,1746,814,1688,913,1650,973,1667,1033,1650,1121,1689,1205,1752,1164,1752,1035,1730,972,1733,911,1729,758,1748,1205,1752,1122,1814,1036,1838,969,1841,903,1837,809,1812,715,1746,758,1748,909,1734,970,1737,1033,1734,1164,1752
female_face_63.jpg,93,774,107,872,126,966,146,1059,177,1146,225,1221,289,1283,362,1330,445,1348,529,1333,613,1289,685,1228,743,1150,780,1062,803,965,820,868,828,766,129,683,177,634,248,626,320,637,388,668,500,668,569,634,640,618,714,629,763,679,444,754,443,821,443,886,442,951,388,1006,417,1015,447,1023,478,1016,510,1007,205,774,245,755,296,754,344,783,295,797,243,797,552,782,598,753,650,751,694,772,654,796,601,796,329,1141,372,1100,411,1079,446,1090,481,1081,521,1101,568,1140,545,1135,482,1120,447,1122,412,1119,350,1136,568,1140,525,1166,483,1181,445,1182,408,1177,369,1161,329,1141,350,1136,410,1123,445,1129,481,1125,545,1135
female_face_43.jpg,168,343,163,369,161,397,168,430,175,462,185,491,201,533,214,570,244,585,291,580,346,556,403,530,448,496,475,457,486,407,485,356,482,306,144,292,146,275,160,267,178,270,196,280,232,271,268,252,310,244,353,255,389,277,217,320,208,343,197,363,185,386,183,410,193,420,208,426,225,419,243,414,168,335,176,323,194,321,212,330,194,337,177,339,279,326,293,312,315,312,340,318,318,327,296,330,193,481,188,458,198,449,209,454,220,447,250,455,283,472,269,471,225,469,213,470,202,470,200,479,283,472,256,495,232,507,218,510,206,510,197,499,193,481,200,479,204,481,214,482,227,479,269,471
female_face_70.jpg,155,259,162,302,173,344,185,385,197,425,218,461,250,489,288,507,325,512,360,505,392,482,418,453,435,417,443,378,450,338,460,298,466,257,177,223,198,205,226,201,255,207,280,222,347,226,372,214,398,209,424,213,442,229,316,260,317,289,318,317,320,346,295,366,307,372,319,376,330,371,340,366,204,262,224,249,249,252,269,270,247,276,222,276,355,271,377,253,401,253,419,265,404,277,379,278,266,434,285,414,305,405,321,409,338,404,358,414,375,432,364,432,339,424,321,425,305,425,277,433,375,432,359,447,341,456,322,458,305,457,285,449,266,434,277,433,305,431,321,432,339,430,364,432
female_face_27.jpg,294,580,300,672,316,761,337,848,374,929,430,999,494,1063,566,1116,638,1129,707,1113,775,1057,836,988,890,912,924,829,944,743,963,658,971,568,327,536,387,510,458,515,524,534,587,565,697,565,759,536,822,516,889,509,945,532,643,626,645,693,647,762,649,829,589,856,617,864,645,874,674,864,701,855,407,610,452,592,504,597,545,634,497,637,446,634,734,633,775,598,825,595,868,610,833,635,784,638,522,940,573,927,617,916,645,927,673,918,713,932,758,943,738,948,673,952,644,955,616,951,542,946,758,943,713,985,672,1006,641,1009,609,1006,568,987,522,940,542,946,613,950,641,954,671,950,738,948
female_face_50.jpg,105,166,107,208,112,249,117,291,129,332,151,369,181,401,215,424,256,430,298,425,336,404,369,377,395,345,411,308,421,269,430,228,436,186,132,144,157,129,187,129,216,137,243,152,295,151,326,141,357,136,387,141,410,160,268,188,266,217,264,246,262,275,234,291,247,297,261,302,275,299,289,295,162,181,182,169,207,173,225,193,203,195,178,192,310,198,331,179,356,178,375,191,358,202,333,203,199,344,222,334,244,327,257,332,272,328,293,336,314,347,304,349,272,346,257,347,243,346,209,346,314,347,293,367,272,377,256,378,240,376,220,366,199,344,209,346,242,349,256,350,272,348,304,349
female_face_36.jpg,76,363,81,408,90,454,99,499,115,541,139,578,171,608,207,632,247,639,288,629,326,605,361,576,391,543,410,501,422,455,431,408,437,362,97,323,122,303,155,302,189,309,219,324,267,321,302,306,335,299,370,305,392,327,245,364,244,394,243,424,243,453,215,479,230,484,243,488,258,484,272,481,133,369,152,360,176,362,195,375,176,382,151,381,293,374,314,360,337,361,357,370,339,381,316,381,186,542,209,523,229,514,242,519,260,515,280,526,301,542,290,541,260,535,243,536,229,535,197,541,301,542,280,557,260,566,241,567,226,566,206,558,186,542,197,541,227,538,241,540,259,538,290,541
female_face_28.jpg,368,205,377,253,389,299,399,345,415,387,443,425,477,455,516,477,559,482,600,474,637,448,668,415,692,375,706,333,715,288,725,245,731,201,396,178,422,158,455,154,486,161,517,177,586,177,616,160,646,151,678,155,705,174,553,213,554,241,555,271,556,299,530,324,542,328,555,332,568,327,581,322,435,217,454,204,479,205,499,220,476,226,452,226,606,219,625,204,649,202,668,213,651,223,628,223,487,375,512,365,537,358,554,363,572,358,595,363,619,371,608,376,573,378,555,380,536,379,499,379,619,371,598,395,574,408,556,411,536,408,510,397,487,375,499,379,537,380,555,382,573,379,608,376
female_face_7.jpg,1165,306,1156,340,1154,376,1164,416,1177,449,1187,474,1201,522,1213,554,1238,569,1276,566,1329,551,1384,528,1433,495,1462,452,1477,398,1484,346,1491,296,1163,243,1171,246,1177,252,1185,259,1193,269,1242,270,1269,255,1303,248,1340,253,1373,273,1218,307,1205,334,1193,361,1179,389,1173,403,1182,413,1197,418,1215,415,1234,412,1172,306,1179,297,1194,300,1208,310,1193,316,1179,315,1267,315,1281,304,1303,306,1326,314,1304,322,1282,322,1189,467,1185,447,1192,441,1202,446,1214,443,1248,455,1279,472,1267,473,1216,466,1204,464,1195,463,1194,469,1279,472,1251,493,1221,501,1207,502,1198,499,1190,485,1189,467,1194,469,1197,468,1205,471,1218,470,1267,473
female_face_12.jpg,67,299,68,311,71,322,74,333,79,344,86,353,93,361,101,367,111,369,120,367,128,361,135,353,141,344,146,333,148,322,151,311,152,300,74,292,80,287,88,287,95,288,102,293,118,293,125,288,132,286,140,287,146,292,110,302,110,309,110,317,110,324,103,330,107,331,110,332,113,331,117,330,81,302,86,299,93,299,98,304,92,306,85,305,122,304,127,299,134,299,139,302,135,305,128,306,96,346,100,340,106,338,110,339,114,338,120,341,126,346,123,346,114,342,110,343,106,342,98,346,126,346,120,353,115,356,110,356,105,355,100,352,96,346,98,346,106,350,110,350,114,350,123,346
female_face_76.jpg,1040,1401,1059,1591,1099,1784,1154,1967,1218,2139,1318,2288,1454,2414,1610,2521,1782,2564,1966,2545,2143,2460,2290,2336,2403,2186,2473,2015,2521,1831,2563,1645,2582,1447,1133,1232,1239,1127,1392,1108,1545,1137,1690,1198,1907,1216,2054,1151,2204,1115,2361,1142,2466,1240,1793,1376,1790,1511,1788,1640,1785,1772,1644,1874,1715,1893,1788,1909,1858,1895,1926,1883,1294,1415,1386,1359,1503,1361,1600,1436,1495,1467,1376,1470,1987,1441,2099,1370,2212,1368,2301,1424,2221,1473,2105,1473,1509,2130,1598,2064,1699,2020,1773,2044,1850,2021,1957,2075,2066,2146,2019,2145,1850,2129,1771,2132,1696,2126,1557,2129,2066,2146,1962,2217,1854,2248,1771,2254,1690,2245,1593,2201,1509,2130,1557,2129,1697,2116,1772,2127,1851,2118,2019,2145
female_face_90.jpg,200,653,205,739,215,824,230,909,255,990,302,1062,361,1130,430,1182,509,1195,586,1179,655,1124,714,1058,759,986,780,903,790,818,801,733,805,651,247,610,282,567,339,553,392,563,447,582,562,583,617,562,672,554,727,569,761,614,504,647,504,706,503,765,503,824,449,855,474,867,503,878,533,866,560,855,318,651,349,630,391,631,421,657,384,666,345,667,588,657,617,632,659,630,691,652,662,668,622,667,395,968,436,955,474,944,508,955,539,945,577,957,624,966,602,972,540,973,507,978,473,972,416,973,624,966,581,1005,543,1022,508,1026,472,1022,435,1003,395,968,416,973,474,974,508,980,541,975,602,972
female_face_23.jpg,628,794,629,812,631,830,633,848,638,866,647,882,659,894,673,904,690,909,708,906,723,897,736,885,746,870,751,852,755,833,758,815,760,797,637,778,647,771,659,770,671,772,683,779,705,778,716,772,728,769,741,770,750,779,694,796,694,808,694,820,694,832,682,844,688,845,693,846,699,845,704,844,645,796,653,791,664,791,673,799,663,802,652,802,714,799,723,791,734,790,742,796,735,802,724,802,669,870,677,864,686,859,691,861,698,860,707,865,717,872,713,872,698,870,692,871,686,870,673,870,717,872,709,880,699,884,692,885,685,884,677,880,669,870,673,870,686,871,692,872,699,872,713,872
female_face_95.jpg,237,139,239,160,241,182,243,204,251,223,263,240,277,256,294,271,312,275,331,272,348,259,364,244,377,227,385,208,389,186,393,165,395,144,248,131,260,125,275,126,289,130,303,136,328,135,342,129,356,126,371,126,384,131,314,152,314,167,313,182,312,197,301,202,306,205,312,208,319,205,325,203,264,150,274,146,285,147,294,155,283,157,272,157,336,155,345,147,357,147,366,152,358,158,347,158,285,223,295,218,305,215,312,218,320,216,330,219,341,225,335,226,320,226,312,226,305,225,290,225,341,225,331,237,320,242,312,243,304,242,294,236,285,223,290,225,304,227,312,228,320,227,335,226
female_face_74.jpg,153,220,152,247,153,274,156,299,163,324,175,346,194,363,215,376,237,381,257,378,273,367,287,353,296,337,305,320,312,301,317,283,321,263,188,208,205,200,224,200,242,207,258,217,284,224,297,221,308,221,319,224,324,235,268,240,267,254,267,268,266,282,243,293,250,296,257,300,264,299,270,298,203,232,215,227,228,229,238,240,225,240,213,238,280,249,292,243,303,245,309,253,302,255,291,254,210,318,228,313,245,311,253,315,262,314,272,320,278,329,273,330,261,324,251,323,243,322,216,320,278,329,268,340,257,344,247,343,238,341,224,333,210,318,216,320,241,328,250,330,259,330,273,330
female_face_56.jpg,268,613,282,704,304,792,330,877,367,954,421,1018,487,1074,562,1118,636,1131,709,1117,779,1070,841,1012,891,943,919,863,938,779,959,692,970,603,323,529,382,501,451,496,517,506,579,532,709,534,768,509,830,497,893,499,941,530,645,606,645,664,646,722,647,781,589,821,617,831,646,840,674,833,699,823,402,610,447,586,499,587,543,622,496,633,443,632,731,621,776,586,828,584,870,607,835,630,782,631,522,941,568,913,613,894,643,902,674,895,715,915,756,944,731,946,674,936,642,937,612,935,547,943,756,944,717,980,676,995,642,998,609,995,566,979,522,941,547,943,611,937,642,939,674,937,731,946
female_face_33.jpg,408,500,409,511,410,522,413,533,417,543,424,551,432,558,441,563,450,565,460,563,469,557,477,551,483,543,487,533,490,522,492,511,493,499,414,492,420,488,427,487,435,488,443,492,457,492,465,488,473,486,480,487,486,492,450,501,450,508,450,514,450,521,444,529,447,529,450,530,453,529,457,528,423,501,427,498,434,498,439,503,434,504,427,504,461,503,467,498,473,498,478,502,474,504,467,505,436,542,441,538,447,536,450,537,454,536,460,538,465,542,463,542,454,541,450,541,447,541,439,542,465,542,460,546,454,548,450,549,446,548,441,546,436,542,439,542,447,542,450,542,454,542,463,542
female_face_45.jpg,211,376,210,419,215,462,226,504,243,542,268,575,297,603,332,626,370,632,408,626,443,604,476,577,503,543,521,503,530,461,536,418,535,376,226,326,249,310,280,309,309,316,336,329,399,325,430,312,462,305,495,308,521,323,371,365,371,398,371,429,371,461,339,479,355,484,371,489,388,485,402,479,255,367,276,355,302,357,324,375,300,380,274,379,420,374,441,356,467,356,488,367,470,378,444,379,309,538,332,525,355,515,371,519,387,515,410,524,432,536,421,537,388,535,371,537,354,536,320,539,432,536,411,558,389,568,371,570,353,569,331,559,309,538,320,539,354,538,371,539,388,537,421,537
female_face_59.jpg,353,211,355,243,358,276,363,309,375,338,394,363,415,387,439,408,467,414,495,411,521,393,545,369,565,344,577,314,584,282,589,249,591,216,369,198,388,189,410,191,431,197,453,205,493,204,514,196,535,190,556,190,576,198,470,229,470,251,469,274,468,297,450,305,459,309,469,314,479,310,488,306,395,228,409,221,427,223,441,235,424,238,407,237,503,234,517,224,535,223,550,230,537,239,519,239,425,337,441,329,456,325,468,329,480,326,496,331,513,339,504,341,480,341,468,342,456,340,434,339,513,339,496,359,480,366,467,367,454,365,439,356,425,337,434,339,455,343,468,345,479,344,504,341
female_face_22.jpg,326,144,323,184,314,227,317,272,337,309,372,341,414,367,455,386,490,391,513,382,526,354,539,319,549,296,558,269,566,240,566,217,562,195,420,152,444,141,472,138,498,145,519,160,547,165,556,161,562,157,567,154,570,155,530,195,535,214,541,232,548,252,505,274,517,277,529,281,540,279,548,271,444,192,463,193,479,194,489,198,476,203,460,201,531,199,542,198,554,198,560,202,552,208,541,206,465,315,491,304,515,298,524,302,530,299,535,305,534,321,529,320,526,315,521,316,511,315,473,315,534,321,528,332,523,338,516,339,505,338,487,330,465,315,473,315,511,318,521,320,526,319,529,320
female_face_20.jpg,229,481,233,548,242,609,269,674,305,737,350,793,391,852,428,911,482,935,554,927,633,880,711,823,783,756,831,680,852,587,853,489,845,398,198,408,222,393,256,401,292,415,328,436,421,430,480,401,545,386,612,389,678,408,385,496,382,556,379,616,375,677,349,690,371,712,401,721,433,709,466,697,247,480,273,459,316,462,353,500,312,507,271,505,487,499,520,462,567,457,613,476,576,501,528,507,356,754,375,752,398,752,421,761,445,753,505,755,575,749,554,756,451,775,424,776,400,771,373,764,575,749,514,792,462,813,431,815,404,809,382,792,356,754,373,764,400,768,424,773,452,772,554,756
female_face_6.jpg,208,195,211,224,218,252,225,279,234,306,246,330,265,351,288,364,314,368,340,364,364,351,384,331,398,306,407,279,413,251,419,223,422,195,231,175,244,166,262,162,279,166,296,172,337,171,353,163,371,159,390,162,403,173,316,196,316,215,316,233,316,252,300,266,308,269,316,270,324,268,332,266,253,200,264,192,278,193,290,203,277,205,263,205,345,202,356,192,370,192,382,199,371,205,357,205,280,302,295,294,307,290,318,293,327,290,338,293,352,302,345,302,327,300,317,301,307,300,287,302,352,302,338,311,327,315,316,316,305,315,293,311,280,302,287,302,306,300,317,302,327,300,345,302
female_face_46.jpg,284,211,282,230,282,249,287,269,295,287,307,305,320,322,333,340,352,347,373,343,394,329,413,312,430,293,440,271,445,248,449,224,450,198,285,190,294,181,307,179,322,180,336,185,358,186,376,177,396,173,417,176,433,187,347,203,345,219,344,235,342,251,328,256,336,260,346,265,357,260,368,256,298,206,307,201,318,201,330,208,318,208,307,208,374,206,385,199,396,198,409,202,397,205,386,206,309,273,322,271,336,270,348,273,360,271,379,272,401,275,396,277,360,279,348,279,336,277,314,275,401,275,380,295,361,304,348,305,335,302,322,292,309,273,314,275,336,290,348,293,360,292,396,277
female_face_8.jpg,680,459,693,538,710,613,727,687,750,758,791,821,844,871,910,904,984,912,1059,897,1123,861,1175,809,1209,745,1228,676,1244,607,1258,533,1264,460,726,420,765,388,818,382,871,396,921,418,1010,424,1059,400,1112,386,1166,392,1207,424,969,472,971,515,973,558,975,602,932,648,952,655,974,661,995,655,1016,649,789,478,819,457,859,461,891,488,855,496,816,496,1045,491,1074,465,1114,465,1147,487,1117,502,1078,502,879,749,918,723,951,711,977,720,1002,712,1032,725,1061,754,1043,753,1003,743,977,744,951,742,898,749,1061,754,1032,776,1003,787,976,789,948,785,917,774,879,749,898,749,949,743,976,747,1002,743,1043,753
female_face_1.jpg,738,491,736,559,741,627,747,697,766,764,804,821,853,872,913,915,975,932,1038,922,1100,880,1156,832,1201,777,1226,714,1240,647,1256,579,1265,510,781,445,823,427,871,429,916,444,958,469,1063,470,1107,451,1152,438,1201,441,1237,467,1009,519,1006,563,1003,607,1001,651,959,685,977,694,996,702,1016,696,1037,689,828,508,860,491,897,495,929,521,892,525,856,524,1082,527,1116,502,1153,501,1182,521,1154,535,1117,534,888,753,930,740,967,733,991,742,1017,736,1051,749,1090,764,1073,768,1016,769,990,769,965,766,907,758,1090,764,1049,800,1014,814,986,814,959,810,925,791,888,753,907,758,963,767,988,771,1014,771,1073,768
female_face_17.jpg,708,640,718,725,734,808,753,893,778,975,822,1049,879,1109,950,1150,1027,1166,1103,1154,1171,1111,1228,1051,1272,978,1300,898,1319,816,1338,730,1348,643,745,592,792,569,848,575,897,594,949,618,1081,620,1135,594,1189,578,1246,577,1297,604,1013,674,1013,730,1012,785,1010,841,968,883,988,891,1012,899,1036,891,1061,884,808,668,845,648,889,653,923,687,880,692,838,688,1114,689,1150,658,1195,655,1232,676,1200,696,1156,696,902,973,946,956,985,943,1016,952,1045,943,1084,955,1130,972,1109,977,1046,980,1017,982,985,980,923,979,1130,972,1089,1010,1050,1030,1019,1033,985,1030,945,1011,902,973,923,979,986,978,1018,983,1047,979,1109,977
female_face_52.jpg,61,200,66,231,73,260,83,287,95,313,112,336,132,357,154,373,178,379,202,372,223,354,243,333,261,309,274,282,282,255,288,226,292,195,75,190,91,178,112,175,133,179,153,189,199,188,218,179,239,176,259,178,275,189,177,212,177,231,177,250,177,270,156,279,166,283,177,286,188,283,198,279,97,215,110,209,128,209,143,220,127,224,109,223,209,220,224,209,241,208,255,214,243,222,225,223,129,312,149,310,166,307,177,309,190,307,208,309,228,311,221,313,190,314,178,315,166,314,137,314,228,311,209,334,191,343,178,345,165,343,148,334,129,312,137,314,166,327,178,329,190,327,221,313
female_face_87.jpg,97,428,97,462,99,495,104,532,115,568,130,601,152,631,177,658,214,671,256,671,298,658,335,634,364,601,380,559,387,515,393,468,395,423,110,377,121,363,140,361,160,366,177,376,219,381,250,372,283,369,314,380,335,405,200,403,197,424,193,444,189,466,173,495,184,501,197,505,211,503,224,501,135,402,143,392,159,393,173,405,158,407,144,407,244,413,258,403,278,405,295,417,278,421,259,419,166,562,177,547,190,542,202,548,214,546,239,557,263,575,255,572,214,559,202,557,191,554,175,562,263,575,241,580,217,581,204,579,192,575,178,569,166,562,175,562,192,560,203,564,216,566,255,572
female_face_10.jpg,232,776,247,890,279,1003,308,1116,343,1231,403,1338,483,1420,577,1482,678,1499,777,1479,866,1418,940,1331,996,1225,1029,1114,1058,999,1087,886,1101,772,306,725,367,691,437,687,504,705,572,737,781,735,846,704,912,689,980,690,1041,720,676,830,677,917,679,1003,680,1088,614,1130,644,1142,679,1154,713,1142,743,1128,390,830,436,796,497,801,544,846,489,857,431,857,806,842,850,799,910,794,956,825,917,851,860,852,527,1257,584,1228,639,1210,679,1222,719,1210,768,1227,825,1253,798,1260,721,1259,679,1262,637,1261,556,1264,825,1253,772,1304,722,1328,679,1333,636,1330,581,1305,527,1257,556,1264,638,1262,679,1267,721,1261,798,1260
female_face_16.jpg,73,374,83,440,99,503,121,563,150,621,185,676,230,723,285,755,342,767,396,757,446,725,487,678,519,623,544,564,564,502,579,439,588,372,112,317,145,286,192,275,242,279,288,301,379,305,423,285,471,280,518,290,553,319,333,362,335,413,336,464,337,515,289,542,313,548,338,556,363,548,386,542,167,368,196,348,231,348,262,372,231,381,194,383,407,374,439,350,475,350,503,370,477,385,441,383,256,630,287,612,320,601,342,608,364,602,397,615,427,630,412,629,365,628,341,629,319,626,270,629,427,630,400,666,366,681,340,683,316,680,283,666,256,630,270,629,318,630,340,634,364,632,412,629
female_face_89.jpg,147,290,151,336,159,380,169,424,188,464,215,499,248,532,284,559,319,565,353,556,388,528,419,493,446,455,462,413,472,371,481,328,485,284,165,268,195,255,230,258,262,268,293,283,349,282,380,268,411,258,445,254,473,264,321,312,322,346,322,381,323,414,294,427,308,432,322,437,336,432,349,427,203,304,226,296,252,298,272,316,248,318,223,317,369,316,389,298,414,297,434,305,417,317,393,319,261,470,284,464,305,457,320,463,334,458,354,465,378,471,367,474,335,476,320,477,305,475,271,473,378,471,355,493,335,503,319,504,303,503,283,493,261,470,271,473,304,475,319,477,335,476,367,474
female_face_9.jpg,123,220,127,262,135,303,142,345,153,385,179,418,213,446,248,470,284,477,321,470,354,446,385,418,409,384,422,345,430,303,437,261,441,218,147,196,170,181,198,178,226,186,253,197,314,197,339,183,368,176,397,177,420,195,282,227,283,254,283,280,284,306,255,328,269,332,283,337,298,332,312,329,175,231,195,223,216,224,237,238,215,240,193,239,327,238,347,223,370,221,390,230,372,239,349,239,207,360,238,359,265,356,283,361,300,357,326,361,354,363,344,368,300,376,283,378,265,375,218,365,354,363,326,389,301,403,282,405,263,402,237,388,207,360,218,365,264,377,282,379,300,377,344,368
female_face_41.jpg,296,143,299,160,303,176,308,191,315,206,325,220,337,233,350,243,364,246,378,243,392,232,404,220,414,206,421,191,427,175,431,159,433,141,305,134,313,127,325,125,338,127,350,132,376,132,389,128,402,126,414,128,424,135,363,149,363,159,363,168,363,178,350,185,357,187,363,190,370,188,376,186,316,149,325,145,334,145,344,152,334,154,324,153,383,153,393,146,403,146,412,150,404,155,394,155,333,205,346,203,357,202,364,203,372,202,384,204,397,207,392,207,372,205,364,206,357,205,338,206,397,207,384,219,372,223,364,224,356,222,345,217,333,205,338,206,356,217,364,218,372,217,392,207
female_face_14.jpg,200,365,209,433,221,497,231,563,252,624,293,673,344,715,399,751,457,761,516,750,569,714,617,671,655,620,675,559,687,492,699,426,707,357,236,317,271,291,316,286,361,297,404,316,502,315,545,293,590,281,637,286,673,312,453,362,454,405,454,448,455,491,408,526,431,532,454,540,477,532,498,526,282,372,313,358,348,358,380,379,346,383,311,384,527,379,559,357,595,354,626,368,599,382,563,383,345,583,387,576,426,571,454,578,483,570,525,577,567,583,551,590,484,602,454,605,425,601,361,590,567,583,527,623,487,645,454,649,423,645,385,624,345,583,361,590,425,605,454,608,484,604,551,590
female_face_72.jpg,399,178,408,228,419,278,431,326,448,371,477,411,513,445,555,468,601,475,646,467,687,438,721,401,747,359,761,314,771,267,783,221,789,173,426,144,454,122,490,118,524,126,558,142,634,142,666,125,699,117,734,121,763,142,596,180,597,212,598,245,599,276,572,302,585,306,599,311,613,306,627,300,470,186,490,173,517,174,539,190,514,197,488,197,654,188,673,173,700,170,721,183,702,194,677,194,525,356,552,345,579,338,599,343,617,338,643,344,669,355,657,359,618,362,599,363,578,362,537,360,669,355,645,381,619,393,599,396,577,393,550,381,525,356,537,360,578,363,599,365,618,363,657,359
female_face_93.jpg,984,648,997,715,1021,781,1054,849,1088,912,1136,971,1189,1025,1242,1074,1308,1085,1381,1064,1452,1009,1522,947,1582,871,1616,782,1622,686,1616,583,1601,483,948,544,969,518,1006,519,1045,527,1084,542,1203,515,1254,473,1310,444,1378,432,1443,448,1162,609,1169,673,1174,736,1180,799,1152,830,1179,841,1209,845,1241,829,1271,812,1009,629,1033,605,1072,604,1111,631,1074,641,1035,644,1271,600,1300,560,1343,546,1386,559,1358,585,1315,597,1151,915,1174,904,1200,895,1227,900,1258,888,1312,888,1375,878,1353,888,1265,913,1233,919,1206,919,1169,920,1375,878,1326,931,1278,960,1244,967,1214,964,1185,946,1151,915,1169,920,1207,923,1235,925,1266,918,1353,888
